name,gapfill,gapfill_from_transcriptome,frequency,count_of_this_gapfill,likelihood_wt_given_observed,BC
JAK2 c.1849G>T,AAC,CAC,0.9641666666666666,13884.0,0.0,BC016
TP53 c.659A>G,CA,TA,0.2688172043010752,25.0,0.0,BC001
ASXL1 c.1636C>T,TAA,TGA,0.3786162005785921,3141.0,0.0,BC005
NFE2 c.190_194del,AGTAAGT,CAGTAAGT,0.0179445350734094,11.0,0.0,BC003
DNMT3A c.2644C>T,CAGCT,CGGCT,0.5089182811042204,9273.0,0.0,BC006
JAK2 c.731A>G,GGCTCT,GGCTTT,0.969927136233164,21964.0,0.0,BC011
MPL c.1771T>G,TCGT,TAGT,0.3601895734597156,152.0,0.0,BC008
IDH1 c.395G>A,ATGA,ACGA,0.5019157088122606,131.0,0.0,BC008
SF3B1 c.1998G>T,ATAT,ATCT,0.5161851386607401,5342.0,0.0,BC011
PTPN11 c.1508G>A,TCTC,TCCC,0.4389505549949546,2175.0,0.0,BC004
TET2 c.2908dupA,GTTTT,GTT,0.3385836096636665,2859.0,0.0,BC004
NFE2 c.817C>T,CAT,CGT,0.4949308755760369,537.0,0.0,BC002
RUNX1 c.1103dupC,CGGGGCC,CGGGCC,0.0700896495517522,1118.0,0.0,BC004
NFE2 c.137dupC,TGGGCT,TGGCT,0.1409612163381007,1094.0,0.0,BC014
SF3B1 c.2098A>G,CTTCCT,CTTTCT,0.5056042534846961,7037.0,0.0,BC014
CALR c.1150_1154delinsTGTC,CGACAC,CTTGTCC,0.0031446540880503,33.0,7.324961283177942e-282,BC007
CBL c.1259G>A,TTGGC,TCGGC,0.0847791798107255,860.0,3.8010261113256684e-242,BC012
ASXL1 c.2535del,CTG,CTGG,0.4542211652794292,382.0,3.0429627747255077e-209,BC006
TET2 c.4021dupG,GCCA,GCA,0.0771704180064308,24.0,8.519708474114484e-160,BC003
SETBP1 c.2602G>A,TTGC,TCGC,0.3465473145780051,271.0,1.226413700074814e-94,BC006
SRSF2 c.161C>T,GAC,GGAC,0.0072599966953073,703.0,3.791754815086509e-60,BC011
TET2 c.2790_2791del,GA,GGCA,0.3987730061349693,65.0,6.924551541569423e-51,BC014
JAK2 c.892T>C,CGCT,CACT,0.0185378380547307,462.0,9.645483696950544e-49,BC011
TET2 c.4537+2T>G,TTCCC,,0.7631578947368421,29.0,5.043925817787477e-41,BC010
ASXL1 c.1934dupG,CCCC,CCC,0.1651031894934334,88.0,3.6376118383556533e-38,BC016
