,name,gapfill,gapfill_from_transcriptome,frequency,count_of_this_gapfill,likelihood_wt_given_observed,BC
0,JAK2 c.1849G>T,AAC,CAC,0.8269867549668874,7992.0,0.0,BC003
1,ASXL1 c.4183C>G,CCACT,CCAGT,0.7019867549668874,636.0,0.0,BC009
2,DNMT3A c.2644C>T,CAGCT,CGGCT,0.5264682381142629,5271.0,0.0,BC004
3,TP53 c.321C>G,CCT,CGT,0.9521203830369356,4176.0,0.0,BC010
4,IDH2 c.419G>A,CTGGAT,CCGGAT,0.37957181088314,851.0,0.0,BC009
5,CALR c.1154_1155insTTGTC,CCGACAATT,CCTT,0.2447517644929722,32458.0,0.0,BC001
6,ASXL1 c.2407C>T,TACT,TGCT,0.4734028021699255,12130.0,0.0,BC015
7,NFE2 c.190_194del,AGTAAGT,CAGTAAGT,0.0615243342516069,67.0,0.0,BC014
8,SETD2 c.4702A>G,TCGGC,TTGGC,0.3942877354319568,4459.0,0.0,BC001
9,SRSF2 c.161C>T,GAAC,GGAC,0.0503777517259346,1547.0,0.0,BC002
10,JAK2 c.3187_3189,TATGC,TACGC,0.9158146617359147,4210.0,0.0,BC012
11,ASXL1 c.2245_2246insGG,GGGGACCGT,GGGGAGT,0.3132304815334268,1340.0,0.0,BC012
12,U2AF1 c.470A>C,ACGG,ACTG,0.5002714277097533,49764.0,0.0,BC006
13,TP53 c.830G>A,GGATA,GGACA,0.4621443916411692,7099.0,0.0,BC006
2,ASXL1 c.1636C>T,TAA,TGA,0.3786162005785921,3141.0,0.0,BC005
1,TP53 c.659A>G,CA,TA,0.2688172043010752,25.0,0.0,BC001
9,PTPN11 c.1508G>A,TCTC,TCCC,0.4389505549949546,2175.0,0.0,BC004
8,SF3B1 c.1998G>T,ATAT,ATCT,0.5161851386607401,5342.0,0.0,BC011
7,IDH1 c.395G>A,ATGA,ACGA,0.5019157088122606,131.0,0.0,BC008
6,MPL c.1771T>G,TCGT,TAGT,0.3601895734597156,152.0,0.0,BC008
5,JAK2 c.731A>G,GGCTCT,GGCTTT,0.969927136233164,21964.0,0.0,BC011
10,TET2 c.2908dupA,GTTTT,GTT,0.3385836096636665,2859.0,0.0,BC004
13,NFE2 c.137dupC,TGGGCT,TGGCT,0.1409612163381007,1094.0,0.0,BC014
12,RUNX1 c.1103dupC,CGGGGCC,CGGGCC,0.0700896495517522,1118.0,0.0,BC004
11,NFE2 c.817C>T,CAT,CGT,0.4949308755760369,537.0,0.0,BC002
14,SF3B1 c.2098A>G,CTTCCT,CTTTCT,0.5056042534846961,7037.0,0.0,BC014
15,CALR c.1150_1154delinsTGTC,CGACAC,CTTGTCC,0.0031446540880503,33.0,7.324961283177942e-282,BC007
16,CBL c.1259G>A,TTGGC,TCGGC,0.0847791798107255,860.0,3.8010261113256684e-242,BC012
14,ASXL1 c.1249C>T,CAGA,CGGA,0.1174275050244042,409.0,7.287821063112202e-235,BC002
17,ASXL1 c.2535del,CTG,CTGG,0.4542211652794292,382.0,3.042962774725508e-209,BC006
15,TET2 c.5618T>C,AGT,AAT,0.217634275069854,701.0,1.0844789804123685e-165,BC003
18,TET2 c.4021dupG,GCCA,GCA,0.0771704180064308,24.0,8.519708474114484e-160,BC003
16,TP53 c.78delT,GAGTAGTT,GAAGTAGTT,0.0162013098931402,47.0,4.4787073473264557e-125,BC011
19,SETBP1 c.2602G>A,TTGC,TCGC,0.3465473145780051,271.0,1.226413700074814e-94,BC006
17,TP53 c.536A>G,ATA,ATG,0.0839160839160839,24.0,7.084597944119324e-73,BC002
21,TET2 c.2790_2791del,GA,GGCA,0.3987730061349693,65.0,6.924551541569423e-51,BC014
18,SH2B3 c.894G>A,TTCA,TCCA,0.0472146022367588,895.0,2.060180022676705e-49,BC002
22,JAK2 c.892T>C,CGCT,CACT,0.0185378380547307,462.0,9.645483696950544e-49,BC011
23,TET2 c.4537+2T>G,TTCCC,,0.7631578947368421,29.0,5.043925817787476e-41,BC010
19,SH2B3 c.1527del,GAGC,GAGCC,0.1120689655172413,273.0,3.501226176913203e-40,BC006
24,ASXL1 c.1934dupG,CCCC,CCC,0.1651031894934334,88.0,3.6376118383556523e-38,BC016
20,NRAS c.35G>A,ATCT,ACCT,0.0064061905365977,303.0,3.936075864531236e-37,BC011
